{"melanoma": 0.22157084941864014, "typical": 0.3756137490272522, "atypical": 0.40281540155410767, "prediction": "notmelanoma"}